Num Epoch;train loss;test_loss
1;-513.256599426;-464.522850037
2;-415.999130249;-359.967857361
3;-323.202980042;-285.575698853
4;-271.66494751;-262.027450562
5;-257.617218018;-255.560676575
6;-253.710357666;-248.66752243
7;-246.999324799;-242.96869278
8;-242.707954407;-240.691623688
9;-241.526252747;-239.033283234
10;-240.475273132;-237.783588409
11;-239.282672882;-236.713890076
12;-238.239875793;-236.101902008
